{
  "cities": [
    { "slug": "moskva", "name": "Москва", "nameIn": "Москве" },
    { "slug": "balashikha", "name": "Балашиха", "nameIn": "Балашихе" },
    { "slug": "khimki", "name": "Химки", "nameIn": "Химках" },
    { "slug": "podolsk", "name": "Подольск", "nameIn": "Подольске" },
    { "slug": "lyubertsy", "name": "Люберцы", "nameIn": "Люберцах" },
    { "slug": "mytishchi", "name": "Мытищи", "nameIn": "Мытищах" },
    { "slug": "krasnogorsk", "name": "Красногорск", "nameIn": "Красногорске" },
    { "slug": "elektrostal", "name": "Электросталь", "nameIn": "Электростали" },
    { "slug": "vidnoe", "name": "Видное", "nameIn": "Видном" },
    { "slug": "domodedovo", "name": "Домодедово", "nameIn": "Домодедове" },
    { "slug": "dolgoprudny", "name": "Долгопрудный", "nameIn": "Долгопрудном" },
    { "slug": "shchelkovo", "name": "Щёлково", "nameIn": "Щёлкове" },
    { "slug": "pushkino", "name": "Пушкино", "nameIn": "Пушкине" },
    { "slug": "ramenskoe", "name": "Раменское", "nameIn": "Раменском" },
    { "slug": "noginsk", "name": "Ногинск", "nameIn": "Ногинске" },
    { "slug": "istra", "name": "Истра", "nameIn": "Истре" },
    { "slug": "naro-fominsk", "name": "Наро-Фоминск", "nameIn": "Наро-Фоминске" },
    { "slug": "aprelevka", "name": "Апрелевка", "nameIn": "Апрелевке" },
    { "slug": "bronnitsy", "name": "Бронницы", "nameIn": "Бронницах" },
    { "slug": "volokolamsk", "name": "Волоколамск", "nameIn": "Волоколамске" },
    { "slug": "voskresensk", "name": "Воскресенск", "nameIn": "Воскресенске" },
    { "slug": "golitsyino", "name": "Голицыно", "nameIn": "Голицыно" },
    { "slug": "dmitrov", "name": "Дмитров", "nameIn": "Дмитрове" },
    { "slug": "egorievsk", "name": "Егорьевск", "nameIn": "Егорьевске" },
    { "slug": "zheleznodorozhny", "name": "Железнодорожный", "nameIn": "Железнодорожном" },
    { "slug": "zhukovsky", "name": "Жуковский", "nameIn": "Жуковском" },
    { "slug": "zaraysk", "name": "Зарайск", "nameIn": "Зарайске" },
    { "slug": "zvenigorod", "name": "Звенигород", "nameIn": "Звенигороде" },
    { "slug": "ivanteevka", "name": "Ивантеевка", "nameIn": "Ивантеевке" },
    { "slug": "kashira", "name": "Кашира", "nameIn": "Кашире" },
    { "slug": "kolomna", "name": "Коломна", "nameIn": "Коломне" },
    { "slug": "losino-petrovsky", "name": "Лосино-Петровский", "nameIn": "Лосино-Петровском" },
    { "slug": "lukhovitsy", "name": "Луховицы", "nameIn": "Луховицах" },
    { "slug": "malakhovka", "name": "Малаховка", "nameIn": "Малаховке" },
    { "slug": "monino", "name": "Монино", "nameIn": "Монино" },
    { "slug": "orekhovo-zuevo", "name": "Орехово-Зуево", "nameIn": "Орехово-Зуево" },
    { "slug": "serpukhov", "name": "Серпухов", "nameIn": "Серпухове" },
    { "slug": "solnechnogorsk", "name": "Солнечногорск", "nameIn": "Солнечногорске" },
    { "slug": "staraya-kupavna", "name": "Старая Купавна", "nameIn": "Старой Купавне" },
    { "slug": "stupino", "name": "Ступино", "nameIn": "Ступино" },
    { "slug": "troitsk", "name": "Троицк", "nameIn": "Троицке" },
    { "slug": "fryazino", "name": "Фрязино", "nameIn": "Фрязино" },
    { "slug": "chekhov", "name": "Чехов", "nameIn": "Чехове" }
  ]
}
